{
    "images": [
        {
            "id": "{fe2471e7-9388-4a93-94c3-9273fba5c8ed}",
            "name": "Microchip_logo_150x30",
            "type": "RGB"
        },
        {
            "id": "{a45cddcd-7e66-44c0-b987-ad9d8dd9305d}",
            "name": "TouchML",
            "type": "RGB"
        },
        {
            "id": "{fb3fedec-0007-4b84-990a-0d4b1fb56b29}",
            "name": "one",
            "type": "RGB"
        },
        {
            "id": "{fe6198d4-0b0d-4ba0-b6f5-2dc73ae2662e}",
            "name": "two",
            "type": "RGB"
        },
        {
            "id": "{480f94b9-034d-4d44-8dec-2791a7036707}",
            "name": "three",
            "type": "RGB"
        },
        {
            "id": "{adc2b44d-a320-4e23-be97-565f9a51095d}",
            "name": "four",
            "type": "RGB"
        },
        {
            "id": "{1092a650-7c12-407f-830f-ec85550d0eae}",
            "name": "five",
            "type": "RGB"
        },
        {
            "id": "{443a5a01-09f1-41d8-98e5-b4a99e682cab}",
            "name": "six",
            "type": "RGB"
        },
        {
            "id": "{ee3f5eee-45b1-4d24-a57c-8cca07dc3f09}",
            "name": "seven",
            "type": "RGB"
        },
        {
            "id": "{088ef9b6-b140-460f-86bd-c3ef136aaaa2}",
            "name": "eight",
            "type": "RGB"
        },
        {
            "id": "{8e684339-0501-486a-a512-9dfc0c1d8f34}",
            "name": "nine",
            "type": "RGB"
        },
        {
            "id": "{41629399-cd49-4d83-86fa-cd531911245a}",
            "name": "zero",
            "type": "RGB"
        },
        {
            "id": "{98938c0c-b5da-4485-9b73-86adeed0d993}",
            "name": "failed",
            "type": "RGB"
        }
    ],
    "paths": [
    ]
}
