{
    " ": {
        "advance": 4,
        "bearingX": 0,
        "bearingY": 0,
        "codePoint": 32,
        "height": 0,
        "width": 0
    },
    "D": {
        "advance": 12,
        "bearingX": 1,
        "bearingY": 12,
        "codePoint": 68,
        "height": 12,
        "width": 10
    },
    "S": {
        "advance": 9,
        "bearingX": 0,
        "bearingY": 12,
        "codePoint": 83,
        "height": 12,
        "width": 9
    },
    "a": {
        "advance": 9,
        "bearingX": 0,
        "bearingY": 9,
        "codePoint": 97,
        "height": 9,
        "width": 8
    },
    "g": {
        "advance": 10,
        "bearingX": 0,
        "bearingY": 9,
        "codePoint": 103,
        "height": 13,
        "width": 9
    },
    "i": {
        "advance": 4,
        "bearingX": 1,
        "bearingY": 12,
        "codePoint": 105,
        "height": 12,
        "width": 2
    },
    "n": {
        "advance": 10,
        "bearingX": 1,
        "bearingY": 9,
        "codePoint": 110,
        "height": 9,
        "width": 8
    },
    "r": {
        "advance": 7,
        "bearingX": 1,
        "bearingY": 9,
        "codePoint": 114,
        "height": 9,
        "width": 6
    },
    "t": {
        "advance": 6,
        "bearingX": 0,
        "bearingY": 11,
        "codePoint": 116,
        "height": 11,
        "width": 6
    },
    "w": {
        "advance": 13,
        "bearingX": 0,
        "bearingY": 9,
        "codePoint": 119,
        "height": 9,
        "width": 13
    }
}
