{
    " ": {
        "advance": 5,
        "bearingX": 0,
        "bearingY": 0,
        "codePoint": 32,
        "height": 0,
        "width": 0
    },
    "D": {
        "advance": 15,
        "bearingX": 1,
        "bearingY": 14,
        "codePoint": 68,
        "height": 14,
        "width": 13
    },
    "R": {
        "advance": 12,
        "bearingX": 1,
        "bearingY": 14,
        "codePoint": 82,
        "height": 14,
        "width": 12
    },
    "c": {
        "advance": 10,
        "bearingX": 1,
        "bearingY": 11,
        "codePoint": 99,
        "height": 11,
        "width": 8
    },
    "e": {
        "advance": 11,
        "bearingX": 1,
        "bearingY": 11,
        "codePoint": 101,
        "height": 11,
        "width": 10
    },
    "g": {
        "advance": 12,
        "bearingX": 1,
        "bearingY": 11,
        "codePoint": 103,
        "height": 16,
        "width": 10
    },
    "i": {
        "advance": 5,
        "bearingX": 1,
        "bearingY": 15,
        "codePoint": 105,
        "height": 15,
        "width": 3
    },
    "n": {
        "advance": 12,
        "bearingX": 1,
        "bearingY": 11,
        "codePoint": 110,
        "height": 11,
        "width": 10
    },
    "o": {
        "advance": 12,
        "bearingX": 1,
        "bearingY": 11,
        "codePoint": 111,
        "height": 11,
        "width": 11
    },
    "t": {
        "advance": 7,
        "bearingX": 0,
        "bearingY": 14,
        "codePoint": 116,
        "height": 14,
        "width": 7
    }
}
