{
    "images": [
        {
            "id": "{ba90d869-e578-45c3-a204-96a6308d0846}",
            "name": "mchpLogo_small",
            "type": "RGB"
        },
        {
            "id": "{170f6b21-6bf6-410e-94c0-2eca98f52d6a}",
            "name": "MHGS_logo_smaller",
            "type": "RGB"
        },
        {
            "id": "{6d02ae5a-e775-42d2-9050-404541695878}",
            "name": "QuickstartDown_WQVGA",
            "type": "RGB"
        },
        {
            "id": "{3fa87e45-8303-4dab-a30d-0b21f8290e0c}",
            "name": "QuickstartUp_WQVGA",
            "type": "RGB"
        }
    ],
    "paths": [
    ]
}
